episode,episode_reward,episode_pnl,episode_tx_cost,episode_ahorro_cop,margin_calls_count,overhedging_penalty_kwh_sum,episode_time_sec
1,-695.1309315986641,1493542871.110593,91333591.20000002,1402209279.9105916,113,1897243192.5299942,15.918395917000453
